name	delimiter	url
comma-country-codes.csv	comma	https://raw.githubusercontent.com/datasets/country-codes/main/data/country-codes.csv
comma-population.csv	comma	https://raw.githubusercontent.com/datasets/population/main/data/population.csv
comma-covid-countries.csv	comma	https://raw.githubusercontent.com/datasets/covid-19/main/data/countries-aggregated.csv
comma-sp500.csv	comma	https://raw.githubusercontent.com/datasets/s-and-p-500-companies/main/data/constituents.csv
comma-airport-codes.csv	comma	https://raw.githubusercontent.com/datasets/airport-codes/main/data/airport-codes.csv
comma-world-cities.csv	comma	https://raw.githubusercontent.com/datasets/world-cities/main/data/world-cities.csv
comma-currency-codes.csv	comma	https://raw.githubusercontent.com/datasets/currency-codes/main/data/codes-all.csv
comma-language-codes.csv	comma	https://raw.githubusercontent.com/datasets/language-codes/main/data/language-codes.csv
comma-titanic.csv	comma	https://raw.githubusercontent.com/mwaskom/seaborn-data/master/titanic.csv
comma-diamonds.csv	comma	https://raw.githubusercontent.com/mwaskom/seaborn-data/master/diamonds.csv
comma-airline-safety.csv	comma	https://raw.githubusercontent.com/fivethirtyeight/data/master/airline-safety/airline-safety.csv
comma-bad-drivers.csv	comma	https://raw.githubusercontent.com/fivethirtyeight/data/master/bad-drivers/bad-drivers.csv
comma-recent-grads.csv	comma	https://raw.githubusercontent.com/fivethirtyeight/data/master/college-majors/recent-grads.csv
comma-nyt-us-states.csv	comma	https://raw.githubusercontent.com/nytimes/covid-19-data/master/us-states.csv
comma-owid-co2.csv	comma	https://raw.githubusercontent.com/owid/co2-data/master/owid-co2-data.csv
comma-iana-service-names.csv	comma	https://www.iana.org/assignments/service-names-port-numbers/service-names-port-numbers.csv
comma-iana-media-application.csv	comma	https://www.iana.org/assignments/media-types/application.csv
comma-nasdaq-listed.csv	comma	https://raw.githubusercontent.com/datasets/nasdaq-listings/main/data/nasdaq-listed.csv
semicolon-wine-red.csv	semicolon	https://archive.ics.uci.edu/ml/machine-learning-databases/wine-quality/winequality-red.csv
semicolon-wine-white.csv	semicolon	https://archive.ics.uci.edu/ml/machine-learning-databases/wine-quality/winequality-white.csv
semicolon-unicode-data.txt	semicolon	https://www.unicode.org/Public/UCD/latest/ucd/UnicodeData.txt
semicolon-unicode-blocks.txt	semicolon	https://www.unicode.org/Public/UCD/latest/ucd/Blocks.txt
semicolon-emoji-test.txt	semicolon	https://www.unicode.org/Public/emoji/latest/emoji-test.txt
semicolon-paris-arbres.csv	semicolon	https://opendata.paris.fr/api/explore/v2.1/catalog/datasets/les-arbres/exports/csv?limit=500
semicolon-paris-velib.csv	semicolon	https://opendata.paris.fr/api/explore/v2.1/catalog/datasets/velib-disponibilite-en-temps-reel/exports/csv?limit=500
semicolon-paris-que-faire.csv	semicolon	https://opendata.paris.fr/api/explore/v2.1/catalog/datasets/que-faire-a-paris-/exports/csv?limit=100
semicolon-paris-comptage-velo.csv	semicolon	https://opendata.paris.fr/api/explore/v2.1/catalog/datasets/comptage-velo-donnees-compteurs/exports/csv?limit=500
semicolon-paris-sanisettes.csv	semicolon	https://opendata.paris.fr/api/explore/v2.1/catalog/datasets/sanisettesparis/exports/csv?limit=500
semicolon-paris-prenoms.csv	semicolon	https://opendata.paris.fr/api/explore/v2.1/catalog/datasets/liste_des_prenoms/exports/csv?limit=500
semicolon-france-communes.csv	semicolon	https://public.opendatasoft.com/api/explore/v2.1/catalog/datasets/georef-france-commune/exports/csv?limit=200
semicolon-geonames-cities1000.csv	semicolon	https://public.opendatasoft.com/api/explore/v2.1/catalog/datasets/geonames-all-cities-with-a-population-1000/exports/csv?limit=500
semicolon-carburants.csv	semicolon	https://data.economie.gouv.fr/api/explore/v2.1/catalog/datasets/prix-des-carburants-en-france-flux-instantane-v2/exports/csv?limit=200
tab-geonames-timezones.txt	tab	https://download.geonames.org/export/dump/timeZones.txt
tab-geonames-feature-codes.txt	tab	https://download.geonames.org/export/dump/featureCodes_en.txt
tab-geonames-admin1.txt	tab	https://download.geonames.org/export/dump/admin1CodesASCII.txt
tab-geonames-admin2.txt	tab	https://download.geonames.org/export/dump/admin2Codes.txt
tab-geonames-country-info.txt	tab	https://download.geonames.org/export/dump/countryInfo.txt
tab-geonames-iso-languages.txt	tab	https://download.geonames.org/export/dump/iso-languagecodes.txt
tab-hgnc-complete-set.txt	tab	https://storage.googleapis.com/public-download-files/hgnc/tsv/tsv/hgnc_complete_set.txt
tab-uniprot-insulin.tsv	tab	https://rest.uniprot.org/uniprotkb/search?query=insulin&format=tsv&size=200
tab-uniprot-human.tsv	tab	https://rest.uniprot.org/uniprotkb/search?query=organism_id:9606+AND+reviewed:true&format=tsv&fields=accession,gene_names,length,mass,cc_subcellular_location&size=300
tab-ucsc-hg38-chrom-sizes.txt	tab	https://hgdownload.soe.ucsc.edu/goldenPath/hg38/bigZips/hg38.chrom.sizes
tab-ncbi-assembly-summary.txt	tab	https://ftp.ncbi.nlm.nih.gov/genomes/ASSEMBLY_REPORTS/assembly_summary_refseq.txt
tab-pdb-entries.idx	tab	https://files.wwpdb.org/pub/pdb/derived_data/index/entries.idx
pipe-census-state.txt	pipe	https://www2.census.gov/geo/docs/reference/state.txt
pipe-census-state2020.txt	pipe	https://www2.census.gov/geo/docs/reference/codes2020/national_state2020.txt
pipe-census-county2020.txt	pipe	https://www2.census.gov/geo/docs/reference/codes2020/national_county2020.txt
pipe-census-place2020.txt	pipe	https://www2.census.gov/geo/docs/reference/codes2020/national_place2020.txt
pipe-census-cousub2020.txt	pipe	https://www2.census.gov/geo/docs/reference/codes2020/national_cousub2020.txt
pipe-census-schdist2020.txt	pipe	https://www2.census.gov/geo/docs/reference/codes2020/national_schdist2020.txt
